Name,,
CAv-RCU01,,
CAv-RCU02,,
CAv-RCU03,,
CAv-RCU05,,
CAv-RCU08,,
CAv-RCU09,,
CAV-RCU11,,
CEv-RCU01,,
CEv-RCU07,,
CEv-RCU10,,
CH-SecureLink,,
CH-Win7x86 2017.05.30,,
CLKv-RCU01,,
CLKv-RCU02,,
CLKv-RCU05,,
CMv-RCU01,,
CMv-RCU02,,
CSv-RCU01,,
CSv-RCU03,,
CSv-RCU05,,
DEV-BENTEK,,
ENGv-RCU01,,
ENGv-RCU02,,
ENGv-RCU04,,
ENGv-RCU08,,
ENGv-RCU09,,
ENGv-RCU11,,
ENGv-RCU13,,
ENGv-RCU14,,
ENGv-RCU18,,
FDv-001,,
FDv-005,,
FDv-006,,
FDv-007,,
FDv-BBloomfield,,
FDv-BPeek,,
FDv-BRWoods,,
FDv-JMontero,,
FD-Win7x86 2015.12.22,,
FINv-RCU01,,
FINv-RCU02,,
FINv-RCU03,,
FINv-RCU04,,
FINv-RCU07,,
FINv-RCU09,,
FINv-RCU10,,
FINv-RCU11,,
FINv-RCU12,,
FINv-RCU15,,
FINv-RCU16,,
FINv-RCU19,,
FINv-RCU21,,
FINv-RCU23,,
FINv-RCU26,,
Fire-Win7-PVS-A,,
Fire-Win7-RCU-B,,
Fire-Win7-RCU-HZ,,
FLTv-Diskeeper,,
HCDv-RCU02,,
HCDv-RCU03,,
HCDv-RCU04,,
HCDv-RCU05,,
HRv-RCU05,,
HRv-RCU08,,
HRv-RCU09,,
HRv-RCU11,,
HRv-RCU15,,
HRv-RCU16,,
HRv-RCUxx,,
HR-Win7-RCU-A,,
LAWv-001,,
LAWv-DYeargin,,
LAWv-RCU02,,
LAWv-RCU03,,
LAWv-RCU04,,
LAWv-RCU08,,
LAWv-RCU09,,
LAWv-RCU10,,
LAWv-RCU12,,
LAWv-RCU15,,
LAWv-RCU18,,
LAW-Win7x86 2017.05.23,,
LIBv-DominguezA,,
LIBv-LorenzoD,,
LIBv-MGamino,,
LIBv-RAssan,,
LIBv-RCU01,,
LIBv-RCU08,,
LIBv-RCU11,,
LIBv-RCU16,,
LIBv-RCU17,,
LIBv-RCU19,,
LIBv-RCU20,,
LIBv-RCU21,,
LIBv-RCU23,,
LIBv-RCU29,,
LIBv-RCU38,,
LIBv-RCU40,,
LIBv-RCU41,,
LIBv-RCU42,,
LIBv-RCU43,,
LIBv-RCU44,,
LIBv-RCU45,,
LIBv-RCU46,,
LIBV-RCU47,,
LIBv-RCU48,,
LIBv-RCU49,,
LIB-W7-TEMPLATE,,
Lib-Win7-PVS-A,,
MIS-CtxXP02,,
MIS-JCrider960,,
MISv-ALeal,,
MIS-VDITRN,,
MISv-DLorenzo,,
MISv-JBostic,,
MISv-NCastaneda,,
MISv-NHorizons,,
MISv-RAssan,,
MISv-VMorris,,
MISv-WBarona,,
MISv-WBaronaXP,,
PK_DGIUST,,
PLv-RCU04,,
PLv-RCU12,,
PMv-RCU01,,
PRAv-RCU07,,
PRAv-RCU10,,
PRAv-RCU14,,
PURv-RCU01,,
PURv-RCU03,,
PURv-RCU04,,
PURv-RCU05,,
RMv-RCU04,,
RMv-RCU05,,
RMv-RCU06,,
TestFINvx86,,
TestXPx86,,
UAv-RCU02,,
UAv-RCU03,,
UAv-RCU04,,
UAv-RCU05,,
UAv-RCU06,,
VM86-001,,
VM86-003,,
VM86-005,,
VM86-006,,
VM86-008,,
VM86-010,,
VM86-013,,
VM86-014,,
VM86-016,,
VM86-018,,
VM86-019,,
VM86-020,,
VM86-023,,
VM86-024,,
VM86-026,,
VM86-027,,
VM86-028,,
VM86-029,,
VM86-030,,
VM86-032,,
VM86-033,,
VM86-037,,
VM86-039,,
VM86-051,,
VM86-052,,
VM86-053,,
VM86-054,,
VM86-055,,
VM86-056,,
VM86-057,,
VM86-058,,
VM86-059,,
VM86-060,,
VM86-061,,
VM86-062,,
VM86-063,,
VM86-064,,
VM86-065,,
VM86-LMcDermott,,
Win7 SP1 x86,,
XP for Ctx Hosted Apps,,